[
  { "title": "Bopal Annapurna Food Kitchen", "categorySlug": "food-bank", "regionSlug": "bopal", "address": "Near Bopal Char Rasta, Bopal, Ahmedabad", "phone": "+91 99045 12345", "lat": 23.028, "lng": 72.4758 },
  { "title": "Robin Hood Bopal Hub", "categorySlug": "food-bank", "regionSlug": "bopal", "address": "Shop 4, Shyam Complex, Bopal, Ahmedabad", "phone": "+91 98252 34567", "lat": 23.0292, "lng": 72.4771 },
  { "title": "Sahayata Ration Drive Centre", "categorySlug": "food-bank", "regionSlug": "bopal", "address": "Opp. Bopal Police Chowki, Bopal, Ahmedabad", "phone": "+91 97277 45678", "lat": 23.0275, "lng": 72.478 },
  { "title": "Jan Swasthya Kendra Bopal", "categorySlug": "clinic", "regionSlug": "bopal", "address": "Ground Floor, Aarav Complex, Bopal, Ahmedabad", "phone": "+91 94260 56789", "lat": 23.0295, "lng": 72.476 },
  { "title": "Prayas Free OPD Bopal", "categorySlug": "clinic", "regionSlug": "bopal", "address": "Near Bopal Bus Stop, Bopal, Ahmedabad", "phone": "+91 90990 67890", "lat": 23.0278, "lng": 72.477 },
  { "title": "Nirmala Medical Camp Bopal", "categorySlug": "clinic", "regionSlug": "bopal", "address": "Behind Shyam Mandir, Bopal, Ahmedabad", "phone": "+91 92280 78901", "lat": 23.0288, "lng": 72.4752 },
  { "title": "PowerFit Gym Bopal", "categorySlug": "gym", "regionSlug": "bopal", "address": "1st Floor, Avkar Mall, Bopal, Ahmedabad", "phone": "+91 91725 89012", "lat": 23.0298, "lng": 72.4775 },
  { "title": "IronZone Fitness Bopal", "categorySlug": "gym", "regionSlug": "bopal", "address": "Opp. DPS School, Bopal, Ahmedabad", "phone": "+91 87990 90123", "lat": 23.027, "lng": 72.4768 },
  { "title": "Spartan Fitness Club Bopal", "categorySlug": "gym", "regionSlug": "bopal", "address": "Near Bopal Lake, Bopal, Ahmedabad", "phone": "+91 96240 01234", "lat": 23.0283, "lng": 72.4782 },
  { "title": "PrintZone Bopal", "categorySlug": "xerox-shop", "regionSlug": "bopal", "address": "Shop 12, Shreeji Market, Bopal, Ahmedabad", "phone": "+91 81400 12345", "lat": 23.0265, "lng": 72.476 },
  { "title": "Quick Print & Copy Bopal", "categorySlug": "xerox-shop", "regionSlug": "bopal", "address": "Opp. Bopal Post Office, Bopal, Ahmedabad", "phone": "+91 88000 23456", "lat": 23.029, "lng": 72.4765 },
  { "title": "Bopal Municipal Children's Park", "categorySlug": "playground", "regionSlug": "bopal", "address": "Near Bopal Circle, Bopal, Ahmedabad", "phone": "+91 79900 34567", "lat": 23.0287, "lng": 72.4778 },

  { "title": "Divya Jyot Food Bank Satellite", "categorySlug": "food-bank", "regionSlug": "satellite", "address": "Shop 3, Galaxy Complex, Satellite, Ahmedabad", "phone": "+91 99045 54321", "lat": 23.0315, "lng": 72.5255 },
  { "title": "Sewa Annapurna Satellite", "categorySlug": "food-bank", "regionSlug": "satellite", "address": "Near Satellite Police Station, Satellite, Ahmedabad", "phone": "+91 98252 43210", "lat": 23.0305, "lng": 72.5268 },
  { "title": "Roti Foundation Satellite Hub", "categorySlug": "food-bank", "regionSlug": "satellite", "address": "Opp. Judges Bungalow Rd, Satellite, Ahmedabad", "phone": "+91 97277 32109", "lat": 23.032, "lng": 72.5245 },
  { "title": "Lok Swasthya Clinic Satellite", "categorySlug": "clinic", "regionSlug": "satellite", "address": "Ground Floor, Pratham Complex, Satellite, Ahmedabad", "phone": "+91 94260 21098", "lat": 23.0302, "lng": 72.526 },
  { "title": "Arjun Charitable Dispensary", "categorySlug": "clinic", "regionSlug": "satellite", "address": "Behind Jodhpur Cross Roads, Satellite, Ahmedabad", "phone": "+91 90990 10987", "lat": 23.0318, "lng": 72.5272 },
  { "title": "Priya Free OPD Satellite", "categorySlug": "clinic", "regionSlug": "satellite", "address": "Near Satellite Bus Stop, Satellite, Ahmedabad", "phone": "+91 92280 09876", "lat": 23.0308, "lng": 72.5248 },
  { "title": "Gold's Gym Satellite", "categorySlug": "gym", "regionSlug": "satellite", "address": "2nd Floor, Mansi Circle Complex, Satellite, Ahmedabad", "phone": "+91 91725 98765", "lat": 23.0312, "lng": 72.5265 },
  { "title": "Platinum Fitness Satellite", "categorySlug": "gym", "regionSlug": "satellite", "address": "Opp. Thyrocare Lab, Satellite, Ahmedabad", "phone": "+91 87990 87654", "lat": 23.0298, "lng": 72.5255 },
  { "title": "Body Craft Studio Satellite", "categorySlug": "gym", "regionSlug": "satellite", "address": "Near Satellite Cross Roads, Satellite, Ahmedabad", "phone": "+91 96240 76543", "lat": 23.0325, "lng": 72.5258 },
  { "title": "Mehta Copy Centre Satellite", "categorySlug": "xerox-shop", "regionSlug": "satellite", "address": "Shop 7, Satellite Plaza, Satellite, Ahmedabad", "phone": "+91 81400 65432", "lat": 23.03, "lng": 72.527 },
  { "title": "Digital Print Hub Satellite", "categorySlug": "xerox-shop", "regionSlug": "satellite", "address": "Near Jodhpur Char Rasta, Satellite, Ahmedabad", "phone": "+91 88000 54321", "lat": 23.0316, "lng": 72.5242 },
  { "title": "Satellite Children's Garden", "categorySlug": "playground", "regionSlug": "satellite", "address": "Judges Bungalow Road, Satellite, Ahmedabad", "phone": "+91 79900 43210", "lat": 23.0309, "lng": 72.5263 },

  { "title": "Akshaya Patra Thaltej", "categorySlug": "food-bank", "regionSlug": "thaltej", "address": "Near SG Road, Thaltej, Ahmedabad", "phone": "+91 99045 11111", "lat": 23.0485, "lng": 72.5005 },
  { "title": "Seva Trust Thaltej", "categorySlug": "food-bank", "regionSlug": "thaltej", "address": "Opp. Thaltej Village, Thaltej, Ahmedabad", "phone": "+91 98252 22222", "lat": 23.0472, "lng": 72.5018 },
  { "title": "Samarpan Food Drive Thaltej", "categorySlug": "food-bank", "regionSlug": "thaltej", "address": "Behind ISRO Colony, Thaltej, Ahmedabad", "phone": "+91 97277 33333", "lat": 23.0488, "lng": 72.5022 },
  { "title": "Nirmala Clinic Thaltej", "categorySlug": "clinic", "regionSlug": "thaltej", "address": "Shop 2, Shivalay Complex, Thaltej, Ahmedabad", "phone": "+91 94260 44444", "lat": 23.0475, "lng": 72.5008 },
  { "title": "Swasthya Jan Kendra Thaltej", "categorySlug": "clinic", "regionSlug": "thaltej", "address": "Opp. Thaltej Metro Station, Thaltej, Ahmedabad", "phone": "+91 90990 55555", "lat": 23.0492, "lng": 72.5015 },
  { "title": "Mamata Free OPD Thaltej", "categorySlug": "clinic", "regionSlug": "thaltej", "address": "Near Thaltej Circle, Thaltej, Ahmedabad", "phone": "+91 92280 66666", "lat": 23.0466, "lng": 72.5025 },
  { "title": "Iron Temple Gym Thaltej", "categorySlug": "gym", "regionSlug": "thaltej", "address": "1st Floor, Titanium Square, Thaltej, Ahmedabad", "phone": "+91 91725 77777", "lat": 23.0482, "lng": 72.5028 },
  { "title": "FitZone Thaltej", "categorySlug": "gym", "regionSlug": "thaltej", "address": "Near Helmet Circle, Thaltej, Ahmedabad", "phone": "+91 87990 88888", "lat": 23.0478, "lng": 72.4995 },
  { "title": "Muscle Factory Thaltej", "categorySlug": "gym", "regionSlug": "thaltej", "address": "Opp. Shyamal Society, Thaltej, Ahmedabad", "phone": "+91 96240 99999", "lat": 23.049, "lng": 72.501 },
  { "title": "PrintKing Thaltej", "categorySlug": "xerox-shop", "regionSlug": "thaltej", "address": "Near Thaltej Bus Stop, Thaltej, Ahmedabad", "phone": "+91 81400 11112", "lat": 23.0474, "lng": 72.502 },
  { "title": "Vision Copy Centre Thaltej", "categorySlug": "xerox-shop", "regionSlug": "thaltej", "address": "Shop 5, Dev Arc Mall, Thaltej, Ahmedabad", "phone": "+91 88000 22223", "lat": 23.0486, "lng": 72.5 },
  { "title": "Thaltej Green Park", "categorySlug": "playground", "regionSlug": "thaltej", "address": "Near Thaltej Lake, Thaltej, Ahmedabad", "phone": "+91 79900 33334", "lat": 23.048, "lng": 72.5016 },

  { "title": "Annapurna Hub SG Highway", "categorySlug": "food-bank", "regionSlug": "sg-highway", "address": "Near GIFT City Gate, SG Highway, Ahmedabad", "phone": "+91 99045 44444", "lat": 23.0438, "lng": 72.5145 },
  { "title": "Robin Hood SG Highway", "categorySlug": "food-bank", "regionSlug": "sg-highway", "address": "Opp. IOC Petrol Pump, SG Highway, Ahmedabad", "phone": "+91 98252 55555", "lat": 23.0425, "lng": 72.5158 },
  { "title": "Daan Patra SG Highway", "categorySlug": "food-bank", "regionSlug": "sg-highway", "address": "Near Shela Circle, SG Highway, Ahmedabad", "phone": "+91 97277 66666", "lat": 23.0442, "lng": 72.5165 },
  { "title": "Jan Arogya Clinic SG Highway", "categorySlug": "clinic", "regionSlug": "sg-highway", "address": "Ground Floor, Westgate Mall, SG Highway, Ahmedabad", "phone": "+91 94260 77777", "lat": 23.0428, "lng": 72.5148 },
  { "title": "Seva Medical Camp SG Highway", "categorySlug": "clinic", "regionSlug": "sg-highway", "address": "Near Nirma University, SG Highway, Ahmedabad", "phone": "+91 90990 88888", "lat": 23.044, "lng": 72.516 },
  { "title": "Dr. Patel Free Clinic SG Highway", "categorySlug": "clinic", "regionSlug": "sg-highway", "address": "Opp. Shantigram Gate, SG Highway, Ahmedabad", "phone": "+91 92280 99999", "lat": 23.042, "lng": 72.5155 },
  { "title": "Anytime Fitness SG Highway", "categorySlug": "gym", "regionSlug": "sg-highway", "address": "2nd Floor, Iscon Mall, SG Highway, Ahmedabad", "phone": "+91 91725 11234", "lat": 23.0435, "lng": 72.5168 },
  { "title": "PowerHouse Gym SG Highway", "categorySlug": "gym", "regionSlug": "sg-highway", "address": "Near Zydus Hospital, SG Highway, Ahmedabad", "phone": "+91 87990 22345", "lat": 23.0445, "lng": 72.514 },
  { "title": "Kinetic Fitness SG Highway", "categorySlug": "gym", "regionSlug": "sg-highway", "address": "Opp. Karnavati Club, SG Highway, Ahmedabad", "phone": "+91 96240 33456", "lat": 23.0422, "lng": 72.515 },
  { "title": "NetBrowse & Print SG Highway", "categorySlug": "xerox-shop", "regionSlug": "sg-highway", "address": "Shop 8, Global Hub, SG Highway, Ahmedabad", "phone": "+91 81400 44567", "lat": 23.0432, "lng": 72.5145 },
  { "title": "Neon Print Studio SG Highway", "categorySlug": "xerox-shop", "regionSlug": "sg-highway", "address": "Near Bopal Junction, SG Highway, Ahmedabad", "phone": "+91 88000 55678", "lat": 23.0448, "lng": 72.5155 },
  { "title": "SG Highway Sports Ground", "categorySlug": "playground", "regionSlug": "sg-highway", "address": "Near Shela Chokdi, SG Highway, Ahmedabad", "phone": "+91 79900 66789", "lat": 23.043, "lng": 72.5162 },

  { "title": "Annapurna Sewa Maninagar", "categorySlug": "food-bank", "regionSlug": "maninagar", "address": "Near Maninagar Railway Station, Maninagar, Ahmedabad", "phone": "+91 99045 77777", "lat": 22.996, "lng": 72.5995 },
  { "title": "Samaj Sevi Trust Maninagar", "categorySlug": "food-bank", "regionSlug": "maninagar", "address": "Opp. Maninagar Market, Maninagar, Ahmedabad", "phone": "+91 98252 88888", "lat": 22.9948, "lng": 72.6008 },
  { "title": "Rashtriya Food Bank Maninagar", "categorySlug": "food-bank", "regionSlug": "maninagar", "address": "Near Kankaria Lake, Maninagar, Ahmedabad", "phone": "+91 97277 99999", "lat": 22.9963, "lng": 72.6015 },
  { "title": "Gramin Swasthya Clinic Maninagar", "categorySlug": "clinic", "regionSlug": "maninagar", "address": "Opp. Ramol Toll, Maninagar, Ahmedabad", "phone": "+91 94260 10101", "lat": 22.9952, "lng": 72.5998 },
  { "title": "Aarogya Seva Kendra Maninagar", "categorySlug": "clinic", "regionSlug": "maninagar", "address": "Near Maninagar Police Station, Maninagar, Ahmedabad", "phone": "+91 90990 20202", "lat": 22.997, "lng": 72.6005 },
  { "title": "Jan Chikitsa Camp Maninagar", "categorySlug": "clinic", "regionSlug": "maninagar", "address": "Behind Kankaria Zoo, Maninagar, Ahmedabad", "phone": "+91 92280 30303", "lat": 22.9943, "lng": 72.6012 },
  { "title": "Titanium Gym Maninagar", "categorySlug": "gym", "regionSlug": "maninagar", "address": "1st Floor, Rajnagar Complex, Maninagar, Ahmedabad", "phone": "+91 91725 40404", "lat": 22.9958, "lng": 72.6018 },
  { "title": "Sweat Zone Maninagar", "categorySlug": "gym", "regionSlug": "maninagar", "address": "Near Maninagar Char Rasta, Maninagar, Ahmedabad", "phone": "+91 87990 50505", "lat": 22.9965, "lng": 72.599 },
  { "title": "Champion Fitness Club Maninagar", "categorySlug": "gym", "regionSlug": "maninagar", "address": "Opp. D-Mart Maninagar, Maninagar, Ahmedabad", "phone": "+91 96240 60606", "lat": 22.9945, "lng": 72.6 },
  { "title": "Speed Copy Maninagar", "categorySlug": "xerox-shop", "regionSlug": "maninagar", "address": "Shop 4, Shiv Complex, Maninagar, Ahmedabad", "phone": "+91 81400 70707", "lat": 22.9955, "lng": 72.6008 },
  { "title": "Print World Maninagar", "categorySlug": "xerox-shop", "regionSlug": "maninagar", "address": "Near Maninagar Bus Stand, Maninagar, Ahmedabad", "phone": "+91 88000 80808", "lat": 22.9968, "lng": 72.5995 },
  { "title": "Maninagar Bal Vatika", "categorySlug": "playground", "regionSlug": "maninagar", "address": "Near Kankaria Lakefront, Maninagar, Ahmedabad", "phone": "+91 79900 90909", "lat": 22.996, "lng": 72.6005 },

  { "title": "Daan Utsav Chandkheda", "categorySlug": "food-bank", "regionSlug": "chandkheda", "address": "Near Chandkheda Railway Station, Chandkheda, Ahmedabad", "phone": "+91 99045 11223", "lat": 23.107, "lng": 72.5818 },
  { "title": "Akshaya Trust Chandkheda", "categorySlug": "food-bank", "regionSlug": "chandkheda", "address": "Opp. CH-1 Circle, Chandkheda, Ahmedabad", "phone": "+91 98252 22334", "lat": 23.1058, "lng": 72.583 },
  { "title": "Sewa Samiti Food Drive Chandkheda", "categorySlug": "food-bank", "regionSlug": "chandkheda", "address": "Near Chandkheda Bus Stand, Chandkheda, Ahmedabad", "phone": "+91 97277 33445", "lat": 23.1075, "lng": 72.584 },
  { "title": "Aastha Free Clinic Chandkheda", "categorySlug": "clinic", "regionSlug": "chandkheda", "address": "Ground Floor, Om Complex, Chandkheda, Ahmedabad", "phone": "+91 94260 44556", "lat": 23.1062, "lng": 72.5815 },
  { "title": "Dhanvantari Jan Seva Chandkheda", "categorySlug": "clinic", "regionSlug": "chandkheda", "address": "Opp. Chandkheda Water Tank, Chandkheda, Ahmedabad", "phone": "+91 90990 55667", "lat": 23.1078, "lng": 72.5825 },
  { "title": "Prabhu Daya Medical Camp Chandkheda", "categorySlug": "clinic", "regionSlug": "chandkheda", "address": "Behind Chandkheda Market, Chandkheda, Ahmedabad", "phone": "+91 92280 66778", "lat": 23.105, "lng": 72.5832 },
  { "title": "Flex Fitness Chandkheda", "categorySlug": "gym", "regionSlug": "chandkheda", "address": "2nd Floor, Raj Mall, Chandkheda, Ahmedabad", "phone": "+91 91725 77889", "lat": 23.1068, "lng": 72.5845 },
  { "title": "Alpha Gym Chandkheda", "categorySlug": "gym", "regionSlug": "chandkheda", "address": "Near Chandkheda Overbridge, Chandkheda, Ahmedabad", "phone": "+91 87990 88990", "lat": 23.1055, "lng": 72.581 },
  { "title": "Peak Performance Chandkheda", "categorySlug": "gym", "regionSlug": "chandkheda", "address": "Opp. Chandkheda Ground, Chandkheda, Ahmedabad", "phone": "+91 96240 99001", "lat": 23.108, "lng": 72.582 },
  { "title": "Copy World Chandkheda", "categorySlug": "xerox-shop", "regionSlug": "chandkheda", "address": "Shop 3, Chandkheda Market, Chandkheda, Ahmedabad", "phone": "+91 81400 10111", "lat": 23.1065, "lng": 72.5828 },
  { "title": "Raj Print Hub Chandkheda", "categorySlug": "xerox-shop", "regionSlug": "chandkheda", "address": "Near CH-6 Circle, Chandkheda, Ahmedabad", "phone": "+91 88000 21222", "lat": 23.1072, "lng": 72.5808 },
  { "title": "Chandkheda Municipal Park", "categorySlug": "playground", "regionSlug": "chandkheda", "address": "Sector-6, Chandkheda, Ahmedabad", "phone": "+91 79900 32333", "lat": 23.106, "lng": 72.5835 },

  { "title": "Bhoomi Seva Food Center Gota", "categorySlug": "food-bank", "regionSlug": "gota", "address": "Near Gota Cross Roads, Gota, Ahmedabad", "phone": "+91 99045 43444", "lat": 23.0985, "lng": 72.5665 },
  { "title": "Nilkanth Annadanam Gota", "categorySlug": "food-bank", "regionSlug": "gota", "address": "Opp. Gota Police Station, Gota, Ahmedabad", "phone": "+91 98252 54555", "lat": 23.0972, "lng": 72.5678 },
  { "title": "Jeevan Dhara Trust Gota", "categorySlug": "food-bank", "regionSlug": "gota", "address": "Near Gota Circle, Gota, Ahmedabad", "phone": "+91 97277 65666", "lat": 23.099, "lng": 72.5682 },
  { "title": "Amrut Free OPD Gota", "categorySlug": "clinic", "regionSlug": "gota", "address": "Ground Floor, Shri Complex, Gota, Ahmedabad", "phone": "+91 94260 76777", "lat": 23.0975, "lng": 72.566 },
  { "title": "Bharatiya Chikitsa Kendra Gota", "categorySlug": "clinic", "regionSlug": "gota", "address": "Opp. Nirma University Gate, Gota, Ahmedabad", "phone": "+91 90990 87888", "lat": 23.0988, "lng": 72.5672 },
  { "title": "Karuna Medical Camp Gota", "categorySlug": "clinic", "regionSlug": "gota", "address": "Behind Gota Market, Gota, Ahmedabad", "phone": "+91 92280 98999", "lat": 23.0965, "lng": 72.5675 },
  { "title": "Shree Fitness Gota", "categorySlug": "gym", "regionSlug": "gota", "address": "1st Floor, Divyajyot Complex, Gota, Ahmedabad", "phone": "+91 91725 09010", "lat": 23.0982, "lng": 72.5688 },
  { "title": "Muscle Hub Gota", "categorySlug": "gym", "regionSlug": "gota", "address": "Near Gota Toll, Gota, Ahmedabad", "phone": "+91 87990 10121", "lat": 23.0978, "lng": 72.5655 },
  { "title": "FitLife Studio Gota", "categorySlug": "gym", "regionSlug": "gota", "address": "Opp. Zydus Cadila, Gota, Ahmedabad", "phone": "+91 96240 21232", "lat": 23.0995, "lng": 72.5668 },
  { "title": "Sunrise Print & Copy Gota", "categorySlug": "xerox-shop", "regionSlug": "gota", "address": "Shop 11, Savvy Complex, Gota, Ahmedabad", "phone": "+91 81400 32343", "lat": 23.097, "lng": 72.568 },
  { "title": "Online Print Hub Gota", "categorySlug": "xerox-shop", "regionSlug": "gota", "address": "Near Gota Bus Stop, Gota, Ahmedabad", "phone": "+91 88000 43454", "lat": 23.0985, "lng": 72.5658 },
  { "title": "Gota Green Play Area", "categorySlug": "playground", "regionSlug": "gota", "address": "Near Gota Sports Complex, Gota, Ahmedabad", "phone": "+91 79900 54565", "lat": 23.098, "lng": 72.5674 },

  { "title": "Roti Bank Paldi", "categorySlug": "food-bank", "regionSlug": "paldi", "address": "Near Paldi Char Rasta, Paldi, Ahmedabad", "phone": "+91 99045 65676", "lat": 23.011, "lng": 72.5755 },
  { "title": "Annakoot Seva Paldi", "categorySlug": "food-bank", "regionSlug": "paldi", "address": "Opp. Polytechnic College, Paldi, Ahmedabad", "phone": "+91 98252 76787", "lat": 23.0098, "lng": 72.5768 },
  { "title": "Maa Annapurna Trust Paldi", "categorySlug": "food-bank", "regionSlug": "paldi", "address": "Near Paldi Market, Paldi, Ahmedabad", "phone": "+91 97277 87898", "lat": 23.0115, "lng": 72.5775 },
  { "title": "Sanjivani Jan Swasthya Paldi", "categorySlug": "clinic", "regionSlug": "paldi", "address": "Ground Floor, Samarpan Complex, Paldi, Ahmedabad", "phone": "+91 94260 98909", "lat": 23.0102, "lng": 72.5758 },
  { "title": "Grameen Chikitsa Kendra Paldi", "categorySlug": "clinic", "regionSlug": "paldi", "address": "Opp. BRTS Paldi Station, Paldi, Ahmedabad", "phone": "+91 90990 09012", "lat": 23.0118, "lng": 72.5765 },
  { "title": "Nava Jeevan Free Clinic Paldi", "categorySlug": "clinic", "regionSlug": "paldi", "address": "Behind Paldi Temple, Paldi, Ahmedabad", "phone": "+91 92280 12023", "lat": 23.0092, "lng": 72.5772 },
  { "title": "Excel Fitness Paldi", "categorySlug": "gym", "regionSlug": "paldi", "address": "1st Floor, Ashirwad Complex, Paldi, Ahmedabad", "phone": "+91 91725 23034", "lat": 23.0108, "lng": 72.578 },
  { "title": "Arena Gym Paldi", "categorySlug": "gym", "regionSlug": "paldi", "address": "Near Paldi Bus Stand, Paldi, Ahmedabad", "phone": "+91 87990 34045", "lat": 23.0115, "lng": 72.5748 },
  { "title": "Crossfit Zone Paldi", "categorySlug": "gym", "regionSlug": "paldi", "address": "Opp. Gujarat College, Paldi, Ahmedabad", "phone": "+91 96240 45056", "lat": 23.0095, "lng": 72.576 },
  { "title": "Sunrise Copy House Paldi", "categorySlug": "xerox-shop", "regionSlug": "paldi", "address": "Shop 6, Galaxy Market, Paldi, Ahmedabad", "phone": "+91 81400 56067", "lat": 23.0105, "lng": 72.5768 },
  { "title": "Sai Print Works Paldi", "categorySlug": "xerox-shop", "regionSlug": "paldi", "address": "Near Paldi Police Chowki, Paldi, Ahmedabad", "phone": "+91 88000 67078", "lat": 23.012, "lng": 72.5755 },
  { "title": "Paldi Bal Udyan", "categorySlug": "playground", "regionSlug": "paldi", "address": "Behind Paldi Fire Station, Paldi, Ahmedabad", "phone": "+91 79900 78089", "lat": 23.0108, "lng": 72.5762 },

  { "title": "Annapurna Daan Seva Vastrapur", "categorySlug": "food-bank", "regionSlug": "vastrapur", "address": "Near Vastrapur Lake, Vastrapur, Ahmedabad", "phone": "+91 99045 89090", "lat": 23.036, "lng": 72.524 },
  { "title": "Kiran Trust Food Bank Vastrapur", "categorySlug": "food-bank", "regionSlug": "vastrapur", "address": "Opp. IIM Ahmedabad Gate, Vastrapur, Ahmedabad", "phone": "+91 98252 90101", "lat": 23.0348, "lng": 72.5252 },
  { "title": "Nourish India Hub Vastrapur", "categorySlug": "food-bank", "regionSlug": "vastrapur", "address": "Near Drive-In Cinema, Vastrapur, Ahmedabad", "phone": "+91 97277 01212", "lat": 23.0365, "lng": 72.5258 },
  { "title": "Arogya Setu Clinic Vastrapur", "categorySlug": "clinic", "regionSlug": "vastrapur", "address": "Ground Floor, Avanti Flats, Vastrapur, Ahmedabad", "phone": "+91 94260 12123", "lat": 23.0352, "lng": 72.5242 },
  { "title": "Nirmala Jan Chikitsa Vastrapur", "categorySlug": "clinic", "regionSlug": "vastrapur", "address": "Opp. Vastrapur Metro, Vastrapur, Ahmedabad", "phone": "+91 90990 23234", "lat": 23.0368, "lng": 72.525 },
  { "title": "Samarpan Free OPD Vastrapur", "categorySlug": "clinic", "regionSlug": "vastrapur", "address": "Behind Vastrapur Lake, Vastrapur, Ahmedabad", "phone": "+91 92280 34345", "lat": 23.034, "lng": 72.5255 },
  { "title": "StrongBox Gym Vastrapur", "categorySlug": "gym", "regionSlug": "vastrapur", "address": "3rd Floor, Alpha One Mall, Vastrapur, Ahmedabad", "phone": "+91 91725 45456", "lat": 23.0358, "lng": 72.5265 },
  { "title": "Elite Fitness Vastrapur", "categorySlug": "gym", "regionSlug": "vastrapur", "address": "Near Vastrapur Police Station, Vastrapur, Ahmedabad", "phone": "+91 87990 56567", "lat": 23.0362, "lng": 72.523 },
  { "title": "Planet Fitness Vastrapur", "categorySlug": "gym", "regionSlug": "vastrapur", "address": "Opp. DPS School Vastrapur, Vastrapur, Ahmedabad", "phone": "+91 96240 67678", "lat": 23.0345, "lng": 72.5248 },
  { "title": "PrintXpress Vastrapur", "categorySlug": "xerox-shop", "regionSlug": "vastrapur", "address": "Shop 9, Titanium Mall, Vastrapur, Ahmedabad", "phone": "+91 81400 78789", "lat": 23.0355, "lng": 72.5258 },
  { "title": "Copy King Vastrapur", "categorySlug": "xerox-shop", "regionSlug": "vastrapur", "address": "Near Vastrapur Char Rasta, Vastrapur, Ahmedabad", "phone": "+91 88000 89890", "lat": 23.037, "lng": 72.524 },
  { "title": "Vastrapur Lakeside Park", "categorySlug": "playground", "regionSlug": "vastrapur", "address": "Vastrapur Lake Garden, Vastrapur, Ahmedabad", "phone": "+91 79900 90901", "lat": 23.0358, "lng": 72.5245 },

  { "title": "Sabarmati Trust Food Drive", "categorySlug": "food-bank", "regionSlug": "ashram-road", "address": "Near Sabarmati Ashram, Ashram Road, Ahmedabad", "phone": "+91 99045 01234", "lat": 23.023, "lng": 72.5815 },
  { "title": "Sevashram Annadaan", "categorySlug": "food-bank", "regionSlug": "ashram-road", "address": "Opp. Income Tax Circle, Ashram Road, Ahmedabad", "phone": "+91 98252 12345", "lat": 23.0218, "lng": 72.5828 },
  { "title": "Daan Parv Center Ashram Road", "categorySlug": "food-bank", "regionSlug": "ashram-road", "address": "Near Gujarat High Court, Ashram Road, Ahmedabad", "phone": "+91 97277 23456", "lat": 23.0235, "lng": 72.5835 },
  { "title": "Grameen Aarogya Kendra Ashram Road", "categorySlug": "clinic", "regionSlug": "ashram-road", "address": "Ground Floor, Swastic Society, Ashram Road, Ahmedabad", "phone": "+91 94260 34567", "lat": 23.0222, "lng": 72.5818 },
  { "title": "Jan Seva Clinic Ashram Road", "categorySlug": "clinic", "regionSlug": "ashram-road", "address": "Opp. Gitanjali Medical, Ashram Road, Ahmedabad", "phone": "+91 90990 45678", "lat": 23.0238, "lng": 72.5825 },
  { "title": "Shreeji Medical Camp Ashram Road", "categorySlug": "clinic", "regionSlug": "ashram-road", "address": "Behind Relief Road, Ashram Road, Ahmedabad", "phone": "+91 92280 56789", "lat": 23.021, "lng": 72.583 },
  { "title": "Fitness World Ashram Road", "categorySlug": "gym", "regionSlug": "ashram-road", "address": "1st Floor, Parekh Market, Ashram Road, Ahmedabad", "phone": "+91 91725 67890", "lat": 23.0228, "lng": 72.584 },
  { "title": "Hardcore Gym Ashram Road", "categorySlug": "gym", "regionSlug": "ashram-road", "address": "Near Sabarmati Bridge, Ashram Road, Ahmedabad", "phone": "+91 87990 78901", "lat": 23.0232, "lng": 72.5808 },
  { "title": "Urban Fitness Ashram Road", "categorySlug": "gym", "regionSlug": "ashram-road", "address": "Opp. State Bank Colony, Ashram Road, Ahmedabad", "phone": "+91 96240 89012", "lat": 23.0215, "lng": 72.5822 },
  { "title": "CopyXpress Ashram Road", "categorySlug": "xerox-shop", "regionSlug": "ashram-road", "address": "Shop 2, Trikam Market, Ashram Road, Ahmedabad", "phone": "+91 81400 90123", "lat": 23.0225, "lng": 72.583 },
  { "title": "Raj Copy House Ashram Road", "categorySlug": "xerox-shop", "regionSlug": "ashram-road", "address": "Near Nehru Bridge, Ashram Road, Ahmedabad", "phone": "+91 88000 01235", "lat": 23.024, "lng": 72.5815 },
  { "title": "Ashram Road Community Ground", "categorySlug": "playground", "regionSlug": "ashram-road", "address": "Opposite Sabarmati Ashram, Ashram Road, Ahmedabad", "phone": "+91 79900 12346", "lat": 23.0224, "lng": 72.582 }
]
